id;buildNumber;name;startTime;status
id;buildNumber;name;startTime;status
id;buildNumber;name;startTime;status
id;buildNumber;name;startTime;status
id;buildNumber;name;startTime;status
id;buildNumber;name;startTime;status
id;buildNumber;name;startTime;status
id;buildNumber;name;startTime;status
id;buildNumber;name;startTime;status
id;buildNumber;name;startTime;status
id;buildNumber;name;startTime;status
id;buildNumber;name;startTime;status
id;buildNumber;name;startTime;status
id;buildNumber;name;startTime;status
id;buildNumber;name;startTime;status
id;buildNumber;name;startTime;status
id;buildNumber;name;startTime;status
id;buildNumber;name;startTime;status
id;buildNumber;name;startTime;status
id;buildNumber;name;startTime;status
id;buildNumber;name;startTime;status
id;buildNumber;name;startTime;status
id;buildNumber;name;startTime;status
id;buildNumber;name;startTime;status
id;buildNumber;name;startTime;status
id;buildNumber;name;startTime;status
id;buildNumber;name;startTime;status
id;buildNumber;name;startTime;status
id;buildNumber;name;startTime;status
id;buildNumber;name;startTime;status
id;buildNumber;name;startTime;status
id;buildNumber;name;startTime;status
id;buildNumber;name;startTime;status
id;buildNumber;name;startTime;status
id;buildNumber;name;startTime;status
id;buildNumber;name;startTime;status
id;buildNumber;name;startTime;status
id;buildNumber;name;startTime;status
id;buildNumber;name;startTime;status
id;buildNumber;name;startTime;status
id;buildNumber;name;startTime;status
id;buildNumber;name;startTime;status
id;buildNumber;name;startTime;status
id;buildNumber;name;startTime;status
id;buildNumber;name;startTime;status
id;buildNumber;name;startTime;status
id;buildNumber;name;startTime;status
id;buildNumber;name;startTime;status
id;buildNumber;name;startTime;status
id;buildNumber;name;startTime;status
id;buildNumber;name;startTime;status
id;buildNumber;name;startTime;status
id;buildNumber;name;startTime;status
id;buildNumber;name;startTime;status
id;buildNumber;name;startTime;status
id;buildNumber;name;startTime;status
id;buildNumber;name;startTime;status
id;buildNumber;name;startTime;status
id;buildNumber;name;startTime;status
id;buildNumber;name;startTime;status
id;buildNumber;name;startTime;status
id;buildNumber;name;startTime;status
id;buildNumber;name;startTime;status
id;buildNumber;name;startTime;status
id;buildNumber;name;startTime;status
id;buildNumber;name;startTime;status
id;buildNumber;name;startTime;status
id;buildNumber;name;startTime;status
id;buildNumber;name;startTime;status
id;buildNumber;name;startTime;status
id;buildNumber;name;startTime;status
id;buildNumber;name;startTime;status
id;buildNumber;name;startTime;status
id;buildNumber;name;startTime;status
id;buildNumber;name;startTime;status
id;buildNumber;name;startTime;status
id;buildNumber;name;startTime;status
id;buildNumber;name;startTime;status
id;buildNumber;name;startTime;status
id;buildNumber;name;startTime;status
id;buildNumber;name;startTime;status
id;buildNumber;name;startTime;status
id;buildNumber;name;startTime;status
id;buildNumber;name;startTime;status
id;buildNumber;name;startTime;status
id;buildNumber;name;startTime;status
id;buildNumber;name;startTime;status
id;buildNumber;name;startTime;status
id;buildNumber;name;startTime;status
id;buildNumber;name;startTime;status
id;buildNumber;name;startTime;status
id;buildNumber;name;startTime;status
id;buildNumber;name;startTime;status
id;buildNumber;name;startTime;status
id;buildNumber;name;startTime;status
id;buildNumber;name;startTime;status
id;buildNumber;name;startTime;status
id;buildNumber;name;startTime;status
id;buildNumber;name;startTime;status
id;buildNumber;name;startTime;status
id;buildNumber;name;startTime;status
id;buildNumber;name;startTime;status
id;buildNumber;name;startTime;status
id;buildNumber;name;startTime;status
id;buildNumber;name;startTime;status
id;buildNumber;name;startTime;status
id;buildNumber;name;startTime;status
id;buildNumber;name;startTime;status
id;buildNumber;name;startTime;status
id;buildNumber;name;startTime;status
id;buildNumber;name;startTime;status
id;buildNumber;name;startTime;status
id;buildNumber;name;startTime;status
id;buildNumber;name;startTime;status
id;buildNumber;name;startTime;status
id;buildNumber;name;startTime;status
id;buildNumber;name;startTime;status
id;buildNumber;name;startTime;status
id;buildNumber;name;startTime;status
id;buildNumber;name;startTime;status
id;buildNumber;name;startTime;status
id;buildNumber;name;startTime;status
id;buildNumber;name;startTime;status
id;buildNumber;name;startTime;status
id;buildNumber;name;startTime;status
id;buildNumber;name;startTime;status
id;buildNumber;name;startTime;status
id;buildNumber;name;startTime;status
id;buildNumber;name;startTime;status
id;buildNumber;name;startTime;status
id;buildNumber;name;startTime;status
id;buildNumber;name;startTime;status
id;buildNumber;name;startTime;status
id;buildNumber;name;startTime;status
id;buildNumber;name;startTime;status
id;buildNumber;name;startTime;status
id;buildNumber;name;startTime;status
id;buildNumber;name;startTime;status
id;buildNumber;name;startTime;status
id;buildNumber;name;startTime;status
id;buildNumber;name;startTime;status
id;buildNumber;name;startTime;status
id;buildNumber;name;startTime;status
id;buildNumber;name;startTime;status
id;buildNumber;name;startTime;status
id;buildNumber;name;startTime;status
id;buildNumber;name;startTime;status
id;buildNumber;name;startTime;status
id;buildNumber;name;startTime;status
id;buildNumber;name;startTime;status
id;buildNumber;name;startTime;status
id;buildNumber;name;startTime;status
id;buildNumber;name;startTime;status
id;buildNumber;name;startTime;status
id;buildNumber;name;startTime;status
id;buildNumber;name;startTime;status
id;buildNumber;name;startTime;status
id;buildNumber;name;startTime;status
id;buildNumber;name;startTime;status
id;buildNumber;name;startTime;status
id;buildNumber;name;startTime;status
id;buildNumber;name;startTime;status
id;buildNumber;name;startTime;status
id;buildNumber;name;startTime;status
id;buildNumber;name;startTime;status
id;buildNumber;name;startTime;status
id;buildNumber;name;startTime;status
id;buildNumber;name;startTime;status
id;buildNumber;name;startTime;status
id;buildNumber;name;startTime;status
id;buildNumber;name;startTime;status
id;buildNumber;name;startTime;status
id;buildNumber;name;startTime;status
id;buildNumber;name;startTime;status
id;buildNumber;name;startTime;status
id;buildNumber;name;startTime;status
id;buildNumber;name;startTime;status
id;buildNumber;name;startTime;status
id;buildNumber;name;startTime;status
id;buildNumber;name;startTime;status
id;buildNumber;name;startTime;status
id;buildNumber;name;startTime;status
id;buildNumber;name;startTime;status
id;buildNumber;name;startTime;status
id;buildNumber;name;startTime;status
id;buildNumber;name;startTime;status
id;buildNumber;name;startTime;status
id;buildNumber;name;startTime;status
id;buildNumber;name;startTime;status
id;buildNumber;name;startTime;status
id;buildNumber;name;startTime;status
id;buildNumber;name;startTime;status
id;buildNumber;name;startTime;status
id;buildNumber;name;startTime;status
id;buildNumber;name;startTime;status
id;buildNumber;name;startTime;status
id;buildNumber;name;startTime;status
id;buildNumber;name;startTime;status
id;buildNumber;name;startTime;status
id;buildNumber;name;startTime;status
id;buildNumber;name;startTime;status
id;buildNumber;name;startTime;status
id;buildNumber;name;startTime;status
id;buildNumber;name;startTime;status
id;buildNumber;name;startTime;status
id;buildNumber;name;startTime;status
id;buildNumber;name;startTime;status
id;buildNumber;name;startTime;status
id;buildNumber;name;startTime;status
id;buildNumber;name;startTime;status
id;buildNumber;name;startTime;status
id;buildNumber;name;startTime;status
id;buildNumber;name;startTime;status
id;buildNumber;name;startTime;status
id;buildNumber;name;startTime;status
id;buildNumber;name;startTime;status
id;buildNumber;name;startTime;status
id;buildNumber;name;startTime;status
id;buildNumber;name;startTime;status
id;buildNumber;name;startTime;status
id;buildNumber;name;startTime;status
id;buildNumber;name;startTime;status
id;buildNumber;name;startTime;status
id;buildNumber;name;startTime;status
id;buildNumber;name;startTime;status
id;buildNumber;name;startTime;status
id;buildNumber;name;startTime;status
id;buildNumber;name;startTime;status
id;buildNumber;name;startTime;status
id;buildNumber;name;startTime;status
id;buildNumber;name;startTime;status
id;buildNumber;name;startTime;status
id;buildNumber;name;startTime;status
id;buildNumber;name;startTime;status
id;buildNumber;name;startTime;status
id;buildNumber;name;startTime;status
id;buildNumber;name;startTime;status
id;buildNumber;name;startTime;status
id;buildNumber;name;startTime;status
id;buildNumber;name;startTime;status
id;buildNumber;name;startTime;status
id;buildNumber;name;startTime;status
id;buildNumber;name;startTime;status
id;buildNumber;name;startTime;status
id;buildNumber;name;startTime;status
id;buildNumber;name;startTime;status
id;buildNumber;name;startTime;status
id;buildNumber;name;startTime;status
id;buildNumber;name;startTime;status
id;buildNumber;name;startTime;status
id;buildNumber;name;startTime;status
id;buildNumber;name;startTime;status
id;buildNumber;name;startTime;status
id;buildNumber;name;startTime;status
id;buildNumber;name;startTime;status
id;buildNumber;name;startTime;status
id;buildNumber;name;startTime;status
id;buildNumber;name;startTime;status
id;buildNumber;name;startTime;status
id;buildNumber;name;startTime;status
id;buildNumber;name;startTime;status
id;buildNumber;name;startTime;status
id;buildNumber;name;startTime;status
id;buildNumber;name;startTime;status
id;buildNumber;name;startTime;status
id;buildNumber;name;startTime;status
id;buildNumber;name;startTime;status
id;buildNumber;name;startTime;status
id;buildNumber;name;startTime;status
id;buildNumber;name;startTime;status
id;buildNumber;name;startTime;status
id;buildNumber;name;startTime;status
id;buildNumber;name;startTime;status
id;buildNumber;name;startTime;status
id;buildNumber;name;startTime;status
id;buildNumber;name;startTime;status
id;buildNumber;name;startTime;status
id;buildNumber;name;startTime;status
id;buildNumber;name;startTime;status
id;buildNumber;name;startTime;status
id;buildNumber;name;startTime;status
id;buildNumber;name;startTime;status
id;buildNumber;name;startTime;status
id;buildNumber;name;startTime;status
id;buildNumber;name;startTime;status
id;buildNumber;name;startTime;status
id;buildNumber;name;startTime;status
id;buildNumber;name;startTime;status
id;buildNumber;name;startTime;status
id;buildNumber;name;startTime;status
id;buildNumber;name;startTime;status
id;buildNumber;name;startTime;status
id;buildNumber;name;startTime;status
id;buildNumber;name;startTime;status
id;buildNumber;name;startTime;status
id;buildNumber;name;startTime;status
id;buildNumber;name;startTime;status
id;buildNumber;name;startTime;status
id;buildNumber;name;startTime;status
id;buildNumber;name;startTime;status
id;buildNumber;name;startTime;status
id;buildNumber;name;startTime;status
id;buildNumber;name;startTime;status
id;buildNumber;name;startTime;status
id;buildNumber;name;startTime;status
id;buildNumber;name;startTime;status
id;buildNumber;name;startTime;status
id;buildNumber;name;startTime;status
id;buildNumber;name;startTime;status
id;buildNumber;name;startTime;status
id;buildNumber;name;startTime;status
id;buildNumber;name;startTime;status
id;buildNumber;name;startTime;status
id;buildNumber;name;startTime;status
id;buildNumber;name;startTime;status
id;buildNumber;name;startTime;status
id;buildNumber;name;startTime;status
id;buildNumber;name;startTime;status
id;buildNumber;name;startTime;status
id;buildNumber;name;startTime;status
id;buildNumber;name;startTime;status
id;buildNumber;name;startTime;status
id;buildNumber;name;startTime;status
id;buildNumber;name;startTime;status
id;buildNumber;name;startTime;status
id;buildNumber;name;startTime;status
id;buildNumber;name;startTime;status
id;buildNumber;name;startTime;status
id;buildNumber;name;startTime;status
id;buildNumber;name;startTime;status
id;buildNumber;name;startTime;status
id;buildNumber;name;startTime;status
id;buildNumber;name;startTime;status
id;buildNumber;name;startTime;status
id;buildNumber;name;startTime;status
id;buildNumber;name;startTime;status
id;buildNumber;name;startTime;status
id;buildNumber;name;startTime;status
id;buildNumber;name;startTime;status
id;buildNumber;name;startTime;status
id;buildNumber;name;startTime;status
id;buildNumber;name;startTime;status
id;buildNumber;name;startTime;status
id;buildNumber;name;startTime;status
id;buildNumber;name;startTime;status
id;buildNumber;name;startTime;status
id;buildNumber;name;startTime;status
id;buildNumber;name;startTime;status
id;buildNumber;name;startTime;status
id;buildNumber;name;startTime;status
id;buildNumber;name;startTime;status
id;buildNumber;name;startTime;status
id;buildNumber;name;startTime;status
id;buildNumber;name;startTime;status
id;buildNumber;name;startTime;status
id;buildNumber;name;startTime;status
id;buildNumber;name;startTime;status
id;buildNumber;name;startTime;status
id;buildNumber;name;startTime;status
id;buildNumber;name;startTime;status
id;buildNumber;name;startTime;status
id;buildNumber;name;startTime;status
id;buildNumber;name;startTime;status
id;buildNumber;name;startTime;status
id;buildNumber;name;startTime;status
id;buildNumber;name;startTime;status
id;buildNumber;name;startTime;status
id;buildNumber;name;startTime;status
id;buildNumber;name;startTime;status
id;buildNumber;name;startTime;status
id;buildNumber;name;startTime;status
id;buildNumber;name;startTime;status
id;buildNumber;name;startTime;status
id;buildNumber;name;startTime;status
id;buildNumber;name;startTime;status
id;buildNumber;name;startTime;status
id;buildNumber;name;startTime;status
id;buildNumber;name;startTime;status
id;buildNumber;name;startTime;status
id;buildNumber;name;startTime;status
id;buildNumber;name;startTime;status
id;buildNumber;name;startTime;status
id;buildNumber;name;startTime;status
id;buildNumber;name;startTime;status
id;buildNumber;name;startTime;status
id;buildNumber;name;startTime;status
id;buildNumber;name;startTime;status
id;buildNumber;name;startTime;status
id;buildNumber;name;startTime;status
id;buildNumber;name;startTime;status
id;buildNumber;name;startTime;status
id;buildNumber;name;startTime;status
id;buildNumber;name;startTime;status
id;buildNumber;name;startTime;status
id;buildNumber;name;startTime;status
id;buildNumber;name;startTime;status
id;buildNumber;name;startTime;status
id;buildNumber;name;startTime;status
id;buildNumber;name;startTime;status
id;buildNumber;name;startTime;status
id;buildNumber;name;startTime;status
id;buildNumber;name;startTime;status
id;buildNumber;name;startTime;status
id;buildNumber;name;startTime;status
id;buildNumber;name;startTime;status
id;buildNumber;name;startTime;status
id;buildNumber;name;startTime;status
id;buildNumber;name;startTime;status
id;buildNumber;name;startTime;status
id;buildNumber;name;startTime;status
id;buildNumber;name;startTime;status
id;buildNumber;name;startTime;status
id;buildNumber;name;startTime;status
id;buildNumber;name;startTime;status
id;buildNumber;name;startTime;status
id;buildNumber;name;startTime;status
id;buildNumber;name;startTime;status
id;buildNumber;name;startTime;status
id;buildNumber;name;startTime;status
id;buildNumber;name;startTime;status
id;buildNumber;name;startTime;status
id;buildNumber;name;startTime;status
id;buildNumber;name;startTime;status
id;buildNumber;name;startTime;status
id;buildNumber;name;startTime;status
id;buildNumber;name;startTime;status
id;buildNumber;name;startTime;status
id;buildNumber;name;startTime;status
id;buildNumber;name;startTime;status
id;buildNumber;name;startTime;status
id;buildNumber;name;startTime;status
id;buildNumber;name;startTime;status
id;buildNumber;name;startTime;status
id;buildNumber;name;startTime;status
id;buildNumber;name;startTime;status
id;buildNumber;name;startTime;status
id;buildNumber;name;startTime;status
id;buildNumber;name;startTime;status
id;buildNumber;name;startTime;status
id;buildNumber;name;startTime;status
id;buildNumber;name;startTime;status
id;buildNumber;name;startTime;status
id;buildNumber;name;startTime;status
id;buildNumber;name;startTime;status
id;buildNumber;name;startTime;status
id;buildNumber;name;startTime;status
id;buildNumber;name;startTime;status
id;buildNumber;name;startTime;status
id;buildNumber;name;startTime;status
id;buildNumber;name;startTime;status
id;buildNumber;name;startTime;status
id;buildNumber;name;startTime;status
id;buildNumber;name;startTime;status
id;buildNumber;name;startTime;status
id;buildNumber;name;startTime;status
id;buildNumber;name;startTime;status
id;buildNumber;name;startTime;status
id;buildNumber;name;startTime;status
id;buildNumber;name;startTime;status
id;buildNumber;name;startTime;status
id;buildNumber;name;startTime;status
id;buildNumber;name;startTime;status
id;buildNumber;name;startTime;status
id;buildNumber;name;startTime;status
id;buildNumber;name;startTime;status
id;buildNumber;name;startTime;status
id;buildNumber;name;startTime;status
id;buildNumber;name;startTime;status
id;buildNumber;name;startTime;status
id;buildNumber;name;startTime;status
id;buildNumber;name;startTime;status
id;buildNumber;name;startTime;status
id;buildNumber;name;startTime;status
id;buildNumber;name;startTime;status
id;buildNumber;name;startTime;status
id;buildNumber;name;startTime;status
id;buildNumber;name;startTime;status
id;buildNumber;name;startTime;status
id;buildNumber;name;startTime;status
id;buildNumber;name;startTime;status
id;buildNumber;name;startTime;status
id;buildNumber;name;startTime;status
id;buildNumber;name;startTime;status
id;buildNumber;name;startTime;status
id;buildNumber;name;startTime;status
id;buildNumber;name;startTime;status
id;buildNumber;name;startTime;status
id;buildNumber;name;startTime;status
id;buildNumber;name;startTime;status
id;buildNumber;name;startTime;status
id;buildNumber;name;startTime;status
id;buildNumber;name;startTime;status
id;buildNumber;name;startTime;status
id;buildNumber;name;startTime;status
id;buildNumber;name;startTime;status
id;buildNumber;name;startTime;status
id;buildNumber;name;startTime;status
id;buildNumber;name;startTime;status
id;buildNumber;name;startTime;status
id;buildNumber;name;startTime;status
id;buildNumber;name;startTime;status
id;buildNumber;name;startTime;status
id;buildNumber;name;startTime;status
id;buildNumber;name;startTime;status
id;buildNumber;name;startTime;status
id;buildNumber;name;startTime;status
id;buildNumber;name;startTime;status
id;buildNumber;name;startTime;status
id;buildNumber;name;startTime;status
id;buildNumber;name;startTime;status
id;buildNumber;name;startTime;status
id;buildNumber;name;startTime;status
id;buildNumber;name;startTime;status
id;buildNumber;name;startTime;status
id;buildNumber;name;startTime;status
id;buildNumber;name;startTime;status
id;buildNumber;name;startTime;status
id;buildNumber;name;startTime;status
id;buildNumber;name;startTime;status
id;buildNumber;name;startTime;status
id;buildNumber;name;startTime;status
id;buildNumber;name;startTime;status
id;buildNumber;name;startTime;status
id;buildNumber;name;startTime;status
id;buildNumber;name;startTime;status
id;buildNumber;name;startTime;status
id;buildNumber;name;startTime;status
id;buildNumber;name;startTime;status
id;buildNumber;name;startTime;status
id;buildNumber;name;startTime;status
id;buildNumber;name;startTime;status
id;buildNumber;name;startTime;status
id;buildNumber;name;startTime;status
id;buildNumber;name;startTime;status
id;buildNumber;name;startTime;status
id;buildNumber;name;startTime;status
id;buildNumber;name;startTime;status
id;buildNumber;name;startTime;status
id;buildNumber;name;startTime;status
id;buildNumber;name;startTime;status
id;buildNumber;name;startTime;status
id;buildNumber;name;startTime;status
id;buildNumber;name;startTime;status
id;buildNumber;name;startTime;status
id;buildNumber;name;startTime;status
id;buildNumber;name;startTime;status
id;buildNumber;name;startTime;status
id;buildNumber;name;startTime;status
id;buildNumber;name;startTime;status
id;buildNumber;name;startTime;status
id;buildNumber;name;startTime;status
id;buildNumber;name;startTime;status
id;buildNumber;name;startTime;status
id;buildNumber;name;startTime;status
id;buildNumber;name;startTime;status
id;buildNumber;name;startTime;status
id;buildNumber;name;startTime;status
id;buildNumber;name;startTime;status
id;buildNumber;name;startTime;status
id;buildNumber;name;startTime;status
id;buildNumber;name;startTime;status
id;buildNumber;name;startTime;status
id;buildNumber;name;startTime;status
id;buildNumber;name;startTime;status
id;buildNumber;name;startTime;status
id;buildNumber;name;startTime;status
id;buildNumber;name;startTime;status
id;buildNumber;name;startTime;status
id;buildNumber;name;startTime;status
id;buildNumber;name;startTime;status
id;buildNumber;name;startTime;status
id;buildNumber;name;startTime;status
id;buildNumber;name;startTime;status
id;buildNumber;name;startTime;status
id;buildNumber;name;startTime;status
id;buildNumber;name;startTime;status
id;buildNumber;name;startTime;status
id;buildNumber;name;startTime;status
id;buildNumber;name;startTime;status
id;buildNumber;name;startTime;status
id;buildNumber;name;startTime;status
id;buildNumber;name;startTime;status
id;buildNumber;name;startTime;status
id;buildNumber;name;startTime;status
id;buildNumber;name;startTime;status
id;buildNumber;name;startTime;status
id;buildNumber;name;startTime;status
id;buildNumber;name;startTime;status
id;buildNumber;name;startTime;status
id;buildNumber;name;startTime;status
id;buildNumber;name;startTime;status
id;buildNumber;name;startTime;status
id;buildNumber;name;startTime;status
id;buildNumber;name;startTime;status
id;buildNumber;name;startTime;status
id;buildNumber;name;startTime;status
id;buildNumber;name;startTime;status
id;buildNumber;name;startTime;status
id;buildNumber;name;startTime;status
id;buildNumber;name;startTime;status
id;buildNumber;name;startTime;status
id;buildNumber;name;startTime;status
id;buildNumber;name;startTime;status
id;buildNumber;name;startTime;status
id;buildNumber;name;startTime;status
id;buildNumber;name;startTime;status
id;buildNumber;name;startTime;status
id;buildNumber;name;startTime;status
id;buildNumber;name;startTime;status
id;buildNumber;name;startTime;status
id;buildNumber;name;startTime;status
id;buildNumber;name;startTime;status
id;buildNumber;name;startTime;status
id;buildNumber;name;startTime;status
id;buildNumber;name;startTime;status
id;buildNumber;name;startTime;status
id;buildNumber;name;startTime;status
id;buildNumber;name;startTime;status
id;buildNumber;name;startTime;status
id;buildNumber;name;startTime;status
id;buildNumber;name;startTime;status
id;buildNumber;name;startTime;status
id;buildNumber;name;startTime;status
id;buildNumber;name;startTime;status
id;buildNumber;name;startTime;status
id;buildNumber;name;startTime;status
id;buildNumber;name;startTime;status
id;buildNumber;name;startTime;status
id;buildNumber;name;startTime;status
id;buildNumber;name;startTime;status
id;buildNumber;name;startTime;status
id;buildNumber;name;startTime;status
id;buildNumber;name;startTime;status
id;buildNumber;name;startTime;status
id;buildNumber;name;startTime;status
id;buildNumber;name;startTime;status
id;buildNumber;name;startTime;status
id;buildNumber;name;startTime;status
id;buildNumber;name;startTime;status
id;buildNumber;name;startTime;status
id;buildNumber;name;startTime;status
id;buildNumber;name;startTime;status
id;buildNumber;name;startTime;status
id;buildNumber;name;startTime;status
id;buildNumber;name;startTime;status
id;buildNumber;name;startTime;status
id;buildNumber;name;startTime;status
id;buildNumber;name;startTime;status
id;buildNumber;name;startTime;status
id;buildNumber;name;startTime;status
id;buildNumber;name;startTime;status
id;buildNumber;name;startTime;status
id;buildNumber;name;startTime;status
id;buildNumber;name;startTime;status
id;buildNumber;name;startTime;status
id;buildNumber;name;startTime;status
id;buildNumber;name;startTime;status
id;buildNumber;name;startTime;status
id;buildNumber;name;startTime;status
id;buildNumber;name;startTime;status
id;buildNumber;name;startTime;status
id;buildNumber;name;startTime;status
id;buildNumber;name;startTime;status
id;buildNumber;name;startTime;status
id;buildNumber;name;startTime;status
id;buildNumber;name;startTime;status
id;buildNumber;name;startTime;status
id;buildNumber;name;startTime;status
id;buildNumber;name;startTime;status
id;buildNumber;name;startTime;status
id;buildNumber;name;startTime;status
id;buildNumber;name;startTime;status
id;buildNumber;name;startTime;status
id;buildNumber;name;startTime;status
id;buildNumber;name;startTime;status
id;buildNumber;name;startTime;status
id;buildNumber;name;startTime;status
id;buildNumber;name;startTime;status
id;buildNumber;name;startTime;status
id;buildNumber;name;startTime;status
id;buildNumber;name;startTime;status
id;buildNumber;name;startTime;status
id;buildNumber;name;startTime;status
id;buildNumber;name;startTime;status
id;buildNumber;name;startTime;status
id;buildNumber;name;startTime;status
id;buildNumber;name;startTime;status
id;buildNumber;name;startTime;status
id;buildNumber;name;startTime;status
id;buildNumber;name;startTime;status
id;buildNumber;name;startTime;status
id;buildNumber;name;startTime;status
id;buildNumber;name;startTime;status
id;buildNumber;name;startTime;status
id;buildNumber;name;startTime;status
id;buildNumber;name;startTime;status
id;buildNumber;name;startTime;status
id;buildNumber;name;startTime;status
id;buildNumber;name;startTime;status
id;buildNumber;name;startTime;status
id;buildNumber;name;startTime;status
id;buildNumber;name;startTime;status
id;buildNumber;name;startTime;status
id;buildNumber;name;startTime;status
id;buildNumber;name;startTime;status
id;buildNumber;name;startTime;status
id;buildNumber;name;startTime;status
id;buildNumber;name;startTime;status
id;buildNumber;name;startTime;status
id;buildNumber;name;startTime;status
id;buildNumber;name;startTime;status
id;buildNumber;name;startTime;status
id;buildNumber;name;startTime;status
id;buildNumber;name;startTime;status
id;buildNumber;name;startTime;status
id;buildNumber;name;startTime;status
id;buildNumber;name;startTime;status
id;buildNumber;name;startTime;status
id;buildNumber;name;startTime;status
id;buildNumber;name;startTime;status
id;buildNumber;name;startTime;status
id;buildNumber;name;startTime;status
id;buildNumber;name;startTime;status
id;buildNumber;name;startTime;status
id;buildNumber;name;startTime;status
id;buildNumber;name;startTime;status
id;buildNumber;name;startTime;status
id;buildNumber;name;startTime;status
id;buildNumber;name;startTime;status
id;buildNumber;name;startTime;status
id;buildNumber;name;startTime;status
id;buildNumber;name;startTime;status
id;buildNumber;name;startTime;status
id;buildNumber;name;startTime;status
id;buildNumber;name;startTime;status
id;buildNumber;name;startTime;status
id;buildNumber;name;startTime;status
id;buildNumber;name;startTime;status
id;buildNumber;name;startTime;status
id;buildNumber;name;startTime;status
id;buildNumber;name;startTime;status
id;buildNumber;name;startTime;status
id;buildNumber;name;startTime;status
id;buildNumber;name;startTime;status
id;buildNumber;name;startTime;status
id;buildNumber;name;startTime;status
id;buildNumber;name;startTime;status
id;buildNumber;name;startTime;status
id;buildNumber;name;startTime;status
id;buildNumber;name;startTime;status
id;buildNumber;name;startTime;status
id;buildNumber;name;startTime;status
id;buildNumber;name;startTime;status
id;buildNumber;name;startTime;status
id;buildNumber;name;startTime;status
id;buildNumber;name;startTime;status
id;buildNumber;name;startTime;status
id;buildNumber;name;startTime;status
id;buildNumber;name;startTime;status
id;buildNumber;name;startTime;status
id;buildNumber;name;startTime;status
id;buildNumber;name;startTime;status
id;buildNumber;name;startTime;status
id;buildNumber;name;startTime;status
id;buildNumber;name;startTime;status
id;buildNumber;name;startTime;status
id;buildNumber;name;startTime;status
id;buildNumber;name;startTime;status
id;buildNumber;name;startTime;status
id;buildNumber;name;startTime;status
id;buildNumber;name;startTime;status
id;buildNumber;name;startTime;status
id;buildNumber;name;startTime;status
id;buildNumber;name;startTime;status
id;buildNumber;name;startTime;status
id;buildNumber;name;startTime;status
id;buildNumber;name;startTime;status
id;buildNumber;name;startTime;status
id;buildNumber;name;startTime;status
id;buildNumber;name;startTime;status
id;buildNumber;name;startTime;status
id;buildNumber;name;startTime;status
id;buildNumber;name;startTime;status
id;buildNumber;name;startTime;status
id;buildNumber;name;startTime;status
id;buildNumber;name;startTime;status
id;buildNumber;name;startTime;status
id;buildNumber;name;startTime;status
id;buildNumber;name;startTime;status
id;buildNumber;name;startTime;status
id;buildNumber;name;startTime;status
id;buildNumber;name;startTime;status
id;buildNumber;name;startTime;status
id;buildNumber;name;startTime;status
id;buildNumber;name;startTime;status
id;buildNumber;name;startTime;status
id;buildNumber;name;startTime;status
id;buildNumber;name;startTime;status
id;buildNumber;name;startTime;status
id;buildNumber;name;startTime;status
id;buildNumber;name;startTime;status
id;buildNumber;name;startTime;status
id;buildNumber;name;startTime;status
id;buildNumber;name;startTime;status
id;buildNumber;name;startTime;status
id;buildNumber;name;startTime;status
id;buildNumber;name;startTime;status
id;buildNumber;name;startTime;status
id;buildNumber;name;startTime;status
id;buildNumber;name;startTime;status
id;buildNumber;name;startTime;status
id;buildNumber;name;startTime;status
id;buildNumber;name;startTime;status
id;buildNumber;name;startTime;status
id;buildNumber;name;startTime;status
id;buildNumber;name;startTime;status
id;buildNumber;name;startTime;status
id;buildNumber;name;startTime;status
id;buildNumber;name;startTime;status
id;buildNumber;name;startTime;status
id;buildNumber;name;startTime;status
id;buildNumber;name;startTime;status
id;buildNumber;name;startTime;status
id;buildNumber;name;startTime;status
id;buildNumber;name;startTime;status
id;buildNumber;name;startTime;status
id;buildNumber;name;startTime;status
id;buildNumber;name;startTime;status
id;buildNumber;name;startTime;status
id;buildNumber;name;startTime;status
id;buildNumber;name;startTime;status
id;buildNumber;name;startTime;status
id;buildNumber;name;startTime;status
id;buildNumber;name;startTime;status
id;buildNumber;name;startTime;status
id;buildNumber;name;startTime;status
id;buildNumber;name;startTime;status
id;buildNumber;name;startTime;status
id;buildNumber;name;startTime;status
id;buildNumber;name;startTime;status
id;buildNumber;name;startTime;status
id;buildNumber;name;startTime;status
id;buildNumber;name;startTime;status
id;buildNumber;name;startTime;status
id;buildNumber;name;startTime;status
id;buildNumber;name;startTime;status
id;buildNumber;name;startTime;status
id;buildNumber;name;startTime;status
id;buildNumber;name;startTime;status
id;buildNumber;name;startTime;status
id;buildNumber;name;startTime;status
id;buildNumber;name;startTime;status
id;buildNumber;name;startTime;status
id;buildNumber;name;startTime;status
id;buildNumber;name;startTime;status
id;buildNumber;name;startTime;status
id;buildNumber;name;startTime;status
id;buildNumber;name;startTime;status
id;buildNumber;name;startTime;status
id;buildNumber;name;startTime;status
id;buildNumber;name;startTime;status
id;buildNumber;name;startTime;status
id;buildNumber;name;startTime;status
id;buildNumber;name;startTime;status
id;buildNumber;name;startTime;status
id;buildNumber;name;startTime;status
id;buildNumber;name;startTime;status
id;buildNumber;name;startTime;status
id;buildNumber;name;startTime;status
id;buildNumber;name;startTime;status
id;buildNumber;name;startTime;status
id;buildNumber;name;startTime;status
id;buildNumber;name;startTime;status
id;buildNumber;name;startTime;status
id;buildNumber;name;startTime;status
id;buildNumber;name;startTime;status
id;buildNumber;name;startTime;status
id;buildNumber;name;startTime;status
id;buildNumber;name;startTime;status
id;buildNumber;name;startTime;status
id;buildNumber;name;startTime;status
id;buildNumber;name;startTime;status
id;buildNumber;name;startTime;status
id;buildNumber;name;startTime;status
id;buildNumber;name;startTime;status
id;buildNumber;name;startTime;status
id;buildNumber;name;startTime;status
id;buildNumber;name;startTime;status
id;buildNumber;name;startTime;status
id;buildNumber;name;startTime;status
id;buildNumber;name;startTime;status
id;buildNumber;name;startTime;status
id;buildNumber;name;startTime;status
id;buildNumber;name;startTime;status
id;buildNumber;name;startTime;status
id;buildNumber;name;startTime;status
id;buildNumber;name;startTime;status
id;buildNumber;name;startTime;status
id;buildNumber;name;startTime;status
id;buildNumber;name;startTime;status
id;buildNumber;name;startTime;status
id;buildNumber;name;startTime;status
id;buildNumber;name;startTime;status
id;buildNumber;name;startTime;status
id;buildNumber;name;startTime;status
id;buildNumber;name;startTime;status
id;buildNumber;name;startTime;status
id;buildNumber;name;startTime;status
id;buildNumber;name;startTime;status
id;buildNumber;name;startTime;status
id;buildNumber;name;startTime;status
id;buildNumber;name;startTime;status
id;buildNumber;name;startTime;status
id;buildNumber;name;startTime;status
id;buildNumber;name;startTime;status
id;buildNumber;name;startTime;status
id;buildNumber;name;startTime;status
id;buildNumber;name;startTime;status
id;buildNumber;name;startTime;status
id;buildNumber;name;startTime;status
id;buildNumber;name;startTime;status
id;buildNumber;name;startTime;status
id;buildNumber;name;startTime;status
id;buildNumber;name;startTime;status
id;buildNumber;name;startTime;status
id;buildNumber;name;startTime;status
id;buildNumber;name;startTime;status
id;buildNumber;name;startTime;status
id;buildNumber;name;startTime;status
id;buildNumber;name;startTime;status
id;buildNumber;name;startTime;status
id;buildNumber;name;startTime;status
id;buildNumber;name;startTime;status
id;buildNumber;name;startTime;status
id;buildNumber;name;startTime;status
id;buildNumber;name;startTime;status
id;buildNumber;name;startTime;status
id;buildNumber;name;startTime;status
id;buildNumber;name;startTime;status
id;buildNumber;name;startTime;status
id;buildNumber;name;startTime;status
id;buildNumber;name;startTime;status
id;buildNumber;name;startTime;status
id;buildNumber;name;startTime;status
id;buildNumber;name;startTime;status
id;buildNumber;name;startTime;status
id;buildNumber;name;startTime;status
id;buildNumber;name;startTime;status
id;buildNumber;name;startTime;status
id;buildNumber;name;startTime;status
id;buildNumber;name;startTime;status
id;buildNumber;name;startTime;status
id;buildNumber;name;startTime;status
id;buildNumber;name;startTime;status
id;buildNumber;name;startTime;status
id;buildNumber;name;startTime;status
id;buildNumber;name;startTime;status
id;buildNumber;name;startTime;status
id;buildNumber;name;startTime;status
id;buildNumber;name;startTime;status
id;buildNumber;name;startTime;status
id;buildNumber;name;startTime;status
id;buildNumber;name;startTime;status
id;buildNumber;name;startTime;status
id;buildNumber;name;startTime;status
id;buildNumber;name;startTime;status
id;buildNumber;name;startTime;status
id;buildNumber;name;startTime;status
id;buildNumber;name;startTime;status
id;buildNumber;name;startTime;status
id;buildNumber;name;startTime;status
id;buildNumber;name;startTime;status
id;buildNumber;name;startTime;status
id;buildNumber;name;startTime;status
id;buildNumber;name;startTime;status
id;buildNumber;name;startTime;status
id;buildNumber;name;startTime;status
id;buildNumber;name;startTime;status
id;buildNumber;name;startTime;status
id;buildNumber;name;startTime;status
id;buildNumber;name;startTime;status
id;buildNumber;name;startTime;status
id;buildNumber;name;startTime;status
id;buildNumber;name;startTime;status
id;buildNumber;name;startTime;status
id;buildNumber;name;startTime;status
id;buildNumber;name;startTime;status
id;buildNumber;name;startTime;status
id;buildNumber;name;startTime;status
id;buildNumber;name;startTime;status
id;buildNumber;name;startTime;status
id;buildNumber;name;startTime;status
id;buildNumber;name;startTime;status
id;buildNumber;name;startTime;status
id;buildNumber;name;startTime;status
id;buildNumber;name;startTime;status
id;buildNumber;name;startTime;status
id;buildNumber;name;startTime;status
id;buildNumber;name;startTime;status
id;buildNumber;name;startTime;status
