id,url
22463,https://dev.azure.com/atworkiss/_apis/wit/workItems/22463
22461,https://dev.azure.com/atworkiss/_apis/wit/workItems/22461
22456,https://dev.azure.com/atworkiss/_apis/wit/workItems/22456
22453,https://dev.azure.com/atworkiss/_apis/wit/workItems/22453
22454,https://dev.azure.com/atworkiss/_apis/wit/workItems/22454
22384,https://dev.azure.com/atworkiss/_apis/wit/workItems/22384
22447,https://dev.azure.com/atworkiss/_apis/wit/workItems/22447
22166,https://dev.azure.com/atworkiss/_apis/wit/workItems/22166
21997,https://dev.azure.com/atworkiss/_apis/wit/workItems/21997
22443,https://dev.azure.com/atworkiss/_apis/wit/workItems/22443
19849,https://dev.azure.com/atworkiss/_apis/wit/workItems/19849
22429,https://dev.azure.com/atworkiss/_apis/wit/workItems/22429
22427,https://dev.azure.com/atworkiss/_apis/wit/workItems/22427
22428,https://dev.azure.com/atworkiss/_apis/wit/workItems/22428
20943,https://dev.azure.com/atworkiss/_apis/wit/workItems/20943
22417,https://dev.azure.com/atworkiss/_apis/wit/workItems/22417
18566,https://dev.azure.com/atworkiss/_apis/wit/workItems/18566
22425,https://dev.azure.com/atworkiss/_apis/wit/workItems/22425
22424,https://dev.azure.com/atworkiss/_apis/wit/workItems/22424
22387,https://dev.azure.com/atworkiss/_apis/wit/workItems/22387
22410,https://dev.azure.com/atworkiss/_apis/wit/workItems/22410
22416,https://dev.azure.com/atworkiss/_apis/wit/workItems/22416
19686,https://dev.azure.com/atworkiss/_apis/wit/workItems/19686
22405,https://dev.azure.com/atworkiss/_apis/wit/workItems/22405
22413,https://dev.azure.com/atworkiss/_apis/wit/workItems/22413
22412,https://dev.azure.com/atworkiss/_apis/wit/workItems/22412
22370,https://dev.azure.com/atworkiss/_apis/wit/workItems/22370
22406,https://dev.azure.com/atworkiss/_apis/wit/workItems/22406
22388,https://dev.azure.com/atworkiss/_apis/wit/workItems/22388
22407,https://dev.azure.com/atworkiss/_apis/wit/workItems/22407
22280,https://dev.azure.com/atworkiss/_apis/wit/workItems/22280
22047,https://dev.azure.com/atworkiss/_apis/wit/workItems/22047
22331,https://dev.azure.com/atworkiss/_apis/wit/workItems/22331
22400,https://dev.azure.com/atworkiss/_apis/wit/workItems/22400
21279,https://dev.azure.com/atworkiss/_apis/wit/workItems/21279
22386,https://dev.azure.com/atworkiss/_apis/wit/workItems/22386
22212,https://dev.azure.com/atworkiss/_apis/wit/workItems/22212
22394,https://dev.azure.com/atworkiss/_apis/wit/workItems/22394
22396,https://dev.azure.com/atworkiss/_apis/wit/workItems/22396
22383,https://dev.azure.com/atworkiss/_apis/wit/workItems/22383
22390,https://dev.azure.com/atworkiss/_apis/wit/workItems/22390
22389,https://dev.azure.com/atworkiss/_apis/wit/workItems/22389
22341,https://dev.azure.com/atworkiss/_apis/wit/workItems/22341
22377,https://dev.azure.com/atworkiss/_apis/wit/workItems/22377
22379,https://dev.azure.com/atworkiss/_apis/wit/workItems/22379
22376,https://dev.azure.com/atworkiss/_apis/wit/workItems/22376
22105,https://dev.azure.com/atworkiss/_apis/wit/workItems/22105
22374,https://dev.azure.com/atworkiss/_apis/wit/workItems/22374
22281,https://dev.azure.com/atworkiss/_apis/wit/workItems/22281
22371,https://dev.azure.com/atworkiss/_apis/wit/workItems/22371
